<?xml version="1.0" encoding="UTF-8" ?>
<component name="log_NodeTransport" extends="ContentNode">
    <interface>
        <field id="_logOutput" type="stringarray" />
        <field id="_logText" type="string" />
        <field id="_jsonOutput" type="string" />
        <field id="_rawItems" type="array" />
        <field id="mLog" type="node" />
        <field id="updateNow" type="boolean" alwaysNotify="true" />
        <field id="maxItems" type="integer" value="500" />
        <function name="logItem" />
    </interface>
    <script type="text/brightscript" uri="pkg:/components/roku_modules/log/NodeTransport.brs" />
    <script type="text/brightscript" uri="pkg:/source/roku_modules/rokucommunity_bslib_v0/bslib.brs" />
    <script type="text/brightscript" uri="pkg:/source/bslib.brs" />
    <children />
</component>
