<?xml version="1.0" encoding="UTF-8" ?>
<component name="log_ScreenTransport" extends="Group">
    <interface>
        <field id="maxVisibleLines" type="integer" value="12" />
        <function name="logItem" />
    </interface>
    <script type="text/brightscript" uri="pkg:/components/roku_modules/log/ScreenTransport.brs" />
    <script type="text/brightscript" uri="pkg:/source/roku_modules/rokucommunity_bslib_v0/bslib.brs" />
    <script type="text/brightscript" uri="pkg:/source/bslib.brs" />
    <children>
        <Group>
            <Rectangle id="background" translation="[0,380]" color="#aaaaaa" width="1920" height="450" />
            <ScrollableText id="scrollableText" translation="[40, 390]" width="1880" height="430" color="#000000" vertAlign="top" horizAlign="left" lineSpacing="8" font="font:SmallestBoldSystemFont" />
        </Group>
    </children>
</component>
