<?xml version="1.0" encoding="utf-8" ?>
<component name="CAT" extends="Task" xsi:noNamespaceSchemaLocation="https://devtools.web.roku.com/schema/RokuSceneGraph.xsd">
    <interface>
        <field id="init" type="assocarray" />
        <field id="screenView" type="assocarray" />
        <field id="selfDescribing" type="assocarray" />
        <field id="structured" type="assocarray" />
        <field id="enableVideoTracking" type="assocarray" />
        <field id="disableVideoTracking" type="assocarray" />
        <field id="trackCustomEvent" type="assocarray" />
    </interface>
    <script type="text/brightscript" uri="pkg:/components/CAT/CAT.brs" />
    <script type="text/brightscript" uri="pkg:/source/roku_modules/log/LogMixin.brs" />
    <script type="text/brightscript" uri="pkg:/source/CAT/Internal/TrackerConstants.brs" />
    <script type="text/brightscript" uri="pkg:/source/bslib.brs" />
</component>
