<?xml version="1.0" encoding="utf-8" ?>
<component name="CATTracker" extends="Task" xsi:noNamespaceSchemaLocation="https://devtools.web.roku.com/schema/RokuSceneGraph.xsd">
    <interface>
        <field id="init" type="assocarray" />
        <field id="screenView" type="assocarray" />
        <field id="selfDescribing" type="assocarray" />
        <field id="structured" type="assocarray" />
        <field id="enableVideoTracking" type="assocarray" />
        <field id="disableVideoTracking" type="assocarray" />
        <field id="trackCustomEvent" type="assocarray" />
        <field id="setUserId" type="string" />
        <field id="periodicHb" type="assocarray" />
    </interface>
    <script type="text/brightscript" uri="pkg:/components/CAT/CATTracker.brs" />
    <script type="text/brightscript" uri="pkg:/source/roku_modules/log/LogMixin.brs" />
    <script type="text/brightscript" uri="pkg:/source/CAT/Internal/VideoTracking.brs" />
    <script type="text/brightscript" uri="pkg:/source/CAT/Internal/RokuVideoContext.brs" />
    <script type="text/brightscript" uri="pkg:/source/CAT/Internal/BaseEventContext.brs" />
    <script type="text/brightscript" uri="pkg:/source/CAT/Internal/MediaPlayerEvent.brs" />
    <script type="text/brightscript" uri="pkg:/source/CAT/Internal/Event.brs" />
    <script type="text/brightscript" uri="pkg:/source/CAT/Internal/Helpers.brs" />
    <script type="text/brightscript" uri="pkg:/source/CAT/Internal/EventContext.brs" />
    <script type="text/brightscript" uri="pkg:/source/CAT/Internal/MediaPlayerContext.brs" />
    <script type="text/brightscript" uri="pkg:/source/CAT/Internal/Tracker.brs" />
    <script type="text/brightscript" uri="pkg:/source/CAT/Internal/Subject.brs" />
    <script type="text/brightscript" uri="pkg:/source/CAT/Internal/TrackerConstants.brs" />
    <script type="text/brightscript" uri="pkg:/source/CAT/Internal/DeviceInfoContextBuilder.brs" />
    <script type="text/brightscript" uri="pkg:/source/CAT/Internal/DeviceInfoContext.brs" />
    <script type="text/brightscript" uri="pkg:/source/CAT/Internal/Structured.brs" />
    <script type="text/brightscript" uri="pkg:/source/CAT/Internal/SelfDescribing.brs" />
    <script type="text/brightscript" uri="pkg:/source/CAT/Internal/ScreenView.brs" />
    <script type="text/brightscript" uri="pkg:/source/CAT/Internal/PeriodicHeartbeat.brs" />
    <script type="text/brightscript" uri="pkg:/source/CAT/Internal/NetworkConnection.brs" />
    <script type="text/brightscript" uri="pkg:/source/roku_modules/rokurequests/Requests.brs" />
    <script type="text/brightscript" uri="pkg:/source/CAT/Internal/Emitter.brs" />
    <script type="text/brightscript" uri="pkg:/source/CAT/Internal/CustomEvent.brs" />
    <script type="text/brightscript" uri="pkg:/source/CAT/Internal/Configuration.brs" />
    <script type="text/brightscript" uri="pkg:/source/bslib.brs" />
</component>
